6,미국대통령이 너무나 쉽고 허술하게 납치되는 과정을 보면서 어이상실 한번 하고 백악관이 이 사실조차 모른다는데서 두번 어이상실.. 예의없고 안하무인의 미대통령의 코미디 캐릭터를 보면서 기대 접고 봄.. 잠수함 액션은 볼만함 
1,"연출진이 호화스러운데 뭔가 많이 구멍난듯함.1하고 전혀 안 이어지는 스토리, 1에 비해서 많이 지루함. 그나마 드문드문 유머연기 때문에 버팀. 도중에 코골면서 잠든 아저씨도 있었음.조연,주연들은 워낙 연출진들이 너무 좋아서 연기가 괜찮았음.곽도원의 트롤링과 정우성,유연석,앵거스 맥페이튼(미대통령)의 꽁트 은근 웃김으로 보는 영화.우리나라 대통령이 힘없다는걸 은근 비꼼. 근데 더 웃긴건 미대통령도 힘없이 여기저기 눈치 보는것도 불쌍. 북위원장도 쿠테타 때문에 아무 힘도 못쓰고 주변만 보고 있음.그리고 일본은 역시 개baby다.쿠키가 있는데 찜찜. "
2,한창 때리고 부수고 싸우는 거 좋아하는 10세 남아 머리에서 나올법한  수준 낮은 각본과 연출. 대신 추진력 하나는 인정. 이런 지지고 볶는 짜파게티같은 각본을 완결짓고 영화판에 내다니..그 점은 대단! 애기들도 연기 연습 더 해야겠더라 
6,"기아 모하비 홍보영상을 보고나온 느낌이 제일 강하게 들었고,차량 액션신은 대부분 cg인데 이질감이 느껴짐좀비 연출은 죄다 때거지로 덤비는 연출 아쉬움그냥 볼만한 수준의 영화이 영화보다 부산행 한 번 더 보는걸 추천드림 "
10,"이제까지 봐왔던 픽사 필름 중에선 조금 아쉬운 부분이 큰 영화이긴 하나, 강력한 한 방이 있다. &#39;준비는 평생 안돼, 끼어들어!&#39; 이 대사가 정말 머릿속 깊은 곳에 박혀버렸다. 덕분에 내일부터 다시 도전해보려고 한다. 정말 애 어른 구분없이 교훈을 주는 픽사. "
10," 관람 전 후기에 내용이 뻔하다, 지루하다 이런 반응이 종종 있어서 걱정되는 마음으로 영화를 관람하게 되었습니다. 그러나 영화 내용은 너무나 만족스러웠고 정말 잘 만든 영화라는 생각이 들었습니다. 사실 디즈니 애니매이션의 매력은 예상치 못한 반전, 자극적인 소재가 아니고 그들이 전하고자하는 메시지를 디즈니만의 스토리텔링을 통해 풀어내는 것이 매력이라고 생각합니다. 그래서 전체적인 흐름 자체는 누구나 예상할 수 있지만 영화 속 디테일 하나하나가 관객들에게 전달되면서 감동을 불러일으킨다고 생각합니다. 그러한 관점에서 영화를 관람했을 때 저도 모르게 영화의 초반부 부터 차곡차곡 쌓인 감정선이 결말부분에서 폭발하면서 감동을 주었습니다. 영화가 끝나고나서도 여운이 남았고 당분간 계속 유지될 것 같습니다. 사실 이런 후기를 처음 써서 말이 이상할 수 있지만  간만에 자극적이지 않은 따뜻한 영화 한 편을 보게된 것 같아 후기를 쓰게 되었습니다. 시기적으로 영화가 흥행하기 쉽지 않은 상태인데 제 후기를 보고 한 분이라도 더 관람하시게된다면 좋을 것 같습니다. "
10,진짜 말이 필요없음. 안 보면 후회한다. 주동우가 계속 우는 연기를 하는데 나까지 울컥해서 펑펑 울었다. 웬만하면 영화 리뷰 안 남기는데 안 남길 수가 없는 영화. 이양천새도 잘생기고 연기 너무 잘함. 대사 하나하나가 전부 명대사다. 솔직히 어린 아이들의 사랑이라고만 정의내리기에는 영화 안에 담겨진 메시지와 그들의 교차하는 감정과 교감 또한 너무 뛰어나고 감정선이 너무 좋았다. 상영관이 더 많았으면 거의 출석체크하러 갔을텐데 얼마 안 하는 게 넘 아쉬웠음. 
1,러시아 영화인데다 러시아 원어 더빙 그대로 상영하기 때문에 헐리우드식 전개나 더빙에 익숙한 사람들한테야 좀 생소한 면이 있을 수는 있다. 하지만 SF영화 치고 CG분량도 많은 편이고 전체적인 CG만 가지고도 볼만한 가치는 충분히 있다고 본다. 반도의 차량씬 CG를 보고 실망했다면 이 영화의 CG를 감상해보기 바란다. 우리나라 CG업체들이 이정도의 질감만 구현할 수 있다면 좋겠다는 생각이 들 정도로 고퀄리티이다. 특히 후반부에 CG의 진가를 볼수 있는 장면이 많다. SF장르를 좋아한다면 킬링 타임용으로는 괜찮은 작품. 참고로 IMDB평점은 이 작품이 반도와 비슷한데  개인적으로 반도보다는 이게 더 볼만했다. 
2,"이거 헐리웃에서 유명배우랑 감독이 연출했음 천만각인데....러시아 영화라서 홀대받네....강철비2, 반도, 다만악 보다 천배는 재밌다. 국산허접데기 영화 그만보고 차라리 이걸 봐라! 국산영화 그걸 뭐하러 돈주고 보냐?? 쯔즛 "
10,"시사회 보고 왔습니다 일단 역대 디즈니 실사화영화중에 역대급이라 할수 있습니다 노래, 영상미, 연기 모두 뛰어나고 CG가 너무 황홀해서 어릴적 향수를 그대로 충족시켜주는 영화였습니다 디즈니에게 다시 한번 박수를 보내게 되네요! "
1,"4학년.2학년 두  딸과 보러갔는데 이거 미국영화맞나요?중국영화인가 했네요?스토리도 빈약하고 화면도 너무 단순하고기승전결이 있긴 하지만 너무 맹숭맹숭해서 둘째딸 집중 못 하고 얼마나 어수선하던지~~유치원이하 어린이들이 봐야할 수준인데 그러기에도 몰입도 떨어지는~~중간중간 음악이라도 나오면나오겠지만물고기들이 지루하게 늘어지는 대화만 많이하고, 그나마 해마가 암수구분없이 임신한다는 지식 하나 얻어가네요.도리를찾아서, 니모를 찾아서 생각했다가 완젼 폭망. 이럴거면 알라딘을 봤어야 했는데~~돈 아까워요 ㅠ "
10,원작 만화책의 내용을 모두 스크린으로 옮기지는 않았지만 상당히 이야기 전개가 깔끔하고 연출이며 성우들의 연기가 자연스러워 좋았습니다. 특히 야시로가요. 마지막 OST도 영화와 잘 어울려서 여운을 잘 줬고 책으로 나온 뒷부분도 다시 영화화 해줬으면 합니다. 
10,내용을 알고 있어도 스토리 흘러가는 거나 주인공들 이야기에 몰입할 수밖에 없었고 복잡한 사랑인듯 사랑 아닌 그 간질거림이 잘 드러나서 너무 좋았다 ㅠㅠ 그리고 야시로 행복하게 해주세요 제발 보는 내내 이 생각밖에 안 들어요 ㅠㅠ 
8,드씨와는 다른 연출방식이었지만 극장판 나름의 스토리 진행으로 보는데는 전혀 문제 없었다.오히려 시간에 맞춰 잘 편집한 느낌?^^야시로는 여전히 섹시했고 도메키는 더욱 우직해서 너무 좋았다.다만 작화가 가끔씩 무너지는게 보여서 그 부분이 안타깝긴했지만 그런 것들을 커버하고도 남을 작품이었다.2편도 개봉되길~ 
10,"원작 모르고 오로지 BL물이 스크린에?! 이런 마음으로 보러 갔음.1. 관람 후 집으로 돌아가는 길에 전권 구매함2. 원작을 보고 나니 야시로의 행동이나 감정이 훨씬 더 잘 이해되었고, 도메키의 행동에 어떤 의미가 있는건지 이해하게 되어서 감동이 두배3. 작붕이 있으나 몰입에 방해되는 정도는 아님4. 음악을 너무 잘씀 엔딩곡은 가사까지 절묘해서 끝까지 듣게 됨5. 수위가 많이 높음 주의 "
10,원작의 스토리에 충실한 영화임. 짧은 상영시간덕에  사전에 원작을 보지 않은 관객들은 스토리의 개연성이 떨어진다고 느낄 수 있을듯합니다. 하지만 그림으로만 보던 만화를 애니메이션으로 볼 수 있었다는 점..만화책으로 봤을때 그다지 와닿지 않았던 감정선이 애니메이션으로 보니 아..이게 이런 느낌이었나..싶은 부분이 분명히 있었음. 그리고 기대 이상의 OST 
10,"한 번 보고 나서는 여운이 오랫동안 남아서 한동안 집에 돌아와 침대에 누워 계속 이 영화 생각만 했다. 이상하게 계속 끌려서 한 번만 더 봐볼까, 했던게 결국에는 지금까지 도합 다섯 번을 보게 되었다. 말하자면 한 번에 이해하기 힘든 영화이고 취향을 좀 타는 영화이다. 하지만 거꾸로 생각하면 이 영화의 메세지를 깨닫게 될 때까지 계속 보고싶어지는 영화이기도 하다. 이 영화가 비디오 테이프로 있었다면 나는 테이프가 엉키고 끊어질 때까지 계속 봤을지도 모른다. 여름에 어울리는 영화이긴 하지만 겨울 바다처럼 하염없이 볼 수 있는 영화기도 했다.솔직히 영화 배급사가 홍보를 잘못했다고 생각한다. 허위 광고 아닐까하는 생각이 들 정도이다. 블루아워는 굳이 말하자면 &#39;힐링&#39;이라는 타이틀을 붙일 수도 있겠지만 &#39;리틀 포레스트&#39; 같이 양지에서 해바라기 하듯이 마음을 다독여주는 영화가 아니다. 본다면 몇 번쯤은 불쾌한 감정이 들거라고 알아둬야 영화를 보며 혼란스럽지 않을 것 같다. 비유하자면 내가 본 &#39;블루아워&#39;는 오히려 비가 퍼붓는 여름날에 버스정류장에 서 있을 때, 곁에 구멍이 살짝 난 우산을 발견한 느낌에 가깝다고 생각한다. 번아웃 상태인 &#39;스나다&#39;는 &#39;기요&#39;와 함께 싫어하던 고향에서 자기가 삶에 지친 이유들을 발견하고 불쾌한 상황에 맞닥뜨리지만, 동시에 &#39;그럼에도&#39; 살아가야 할 이유들을 찾기도 한다. 마음이 깨진 상태에서 그 조각들을 모아 이어 붙이고, 굳히고, 결국에는 성장하는 이야기가 담겨있는 것이 &#39;블루아워&#39;라는 영화이다. 그리고 이를 보며 공감하고, 함께 일어설 용기를 넌지시 던져주는 것이 블루아워의 힐링 방식이고. 마지막으로 나오는 노래를 함께 듣고 나오면 나도 모르게 하늘이 온통 파란, 좋은 아침이라하기에도 애매하고 잘 자라고 하기에도 애매한 새벽의 &#39;블루아워&#39;에 달리고 싶은 기분이 든다. "
6,포스터/예고편 같은 내용아닌데 왜 이런식으로 마케팅한건지... 그냥 원래 느낌 대로 했었어도 봤을것 같은데 일단 영화를 보고 나서 청량힐링로드무비에 낚인 분노가 더 컸습니다...ㅠ ㅠ 그와 별개로 영화는 호불호가 많이 갈릴것 같습니다. 블루아워라는 제목보다 블루아워에서 날려버려 란 원제목이 더 영화 내용과 알맞는것 같아요. 서사없이 그냥 물흐르듯이 내용이 흘러가는데 점점 잠겨가는 끝없는 느낌은 압도적이었습니다.. 
10,너무 난해했다.. 일본식 특유의 오바스러운 연기도 오글거리는거에 한몫했고...보는 내내 나갈까..가족애를 그리려고했던건지 대체 뭘 보여주려고 했던건지..힐링무비는 절대 아니라는것만 알아두길. 일본 특유의 음산함과 어울리지않는 음악들. 알수없는 장면들과 특유의 연기들..일본영화가 원래 이렇지 라고 하기엔 너무도 난해하고 눈쌀을 찌푸리게 만들었다. VIP 멤버십으로 봤는데..돈아까워 죽는줄.. 
10,"아는 맛이라 더 그리운. 영화를 보는 내내 아, 이 영화는 진짜 여행자가 만들었구나. 태국과 인도 고인 물인 것 같다, 생각했고 적어도 3개월 이상 여행해본 여행자라면 누구나 일상으로 느껴질 법한 부분을 참 잘 담아낸 것이 신기했다. 암파와나 쏭크란을 볼 수 있는 것도 좋았지만 전통 모자 쓰고 다니며 또로록 또로록 긁어서 소리 내는 악기 들고 다니는 아주머니, 매일 타고 다니던 짜오프라야 수상 버스, 여행자들이 입고 다니는 옷 등 실제로 카오산에서 만날 수 있는 사람들과 풍경을 보는 게 너무 좋았다. 땡모반 들고 다니던 여주인공을 보며 피식, 웃음까지 나오더라니. 진짜 다 넣었네 싶어서. 영화를 보는 내내 얼마 전까지만 해도 일상이었지만, 지금은 너무 아득해 꿈처럼 느껴지는 그 분위기가 너무 그리웠다. 진짜 그렇게 사는 게 행복하니? 돌아갈 수 있을 때 돌아가. 여행자라면 누구나 한 번쯤 해보았을법한 고민을 날카롭게 건드린다. 여행이 길어지며 한 곳에 자리 잡기 점점 어려워지고 돌아간 곳에서의 삶을 감당할 수 없을 만큼 자유를 맛본 사람들이 할 수 있는 말이겠지. 돌아갈 수 있을 때 돌아가라는 말. 꼰대스러운 그 말을 듣는 게 참 싫었는데 지금 생각해보면 그들 자신에게 하는 말이었을 수도 있겠다. 영화를 보는 내내 이 영화를 만든 사람의 목소리가 곳곳에서 느껴졌다. 여행을 통해 인생이 바뀐 사람, 소중한 사람을 잃어본 사람의 목소리가. 영화를 보는 내내 마음이 좋았다. 익숙한 거리의 간판과 사람들을 보며 그곳의 공기가, 온도가 고스란히 전해졌다. 여행이 그리운 사람이라면, 인도와 태국 여행자라면(대개 이 두 곳을 오가는 퐁당퐁당 고인 물이 많으니 ㅎㅎ) 추천하고 싶은 영화. "
5,"영화가 무얼 말하려고 하는지 모르겠음. 남주 여주가 왜 그런 감정을 느꼈는지, 왜 서로에게 마음이 끌렸는지에 대한 설명도 없음. 현실적인 방콕 장면에서 비현실적인 이야기를 다루니까 이질감이 매우 느껴짐. 벗, 남주 진짜 잘생겼다라는 생각들었음 "
10,"일단 이 영화는 제가 살아온 OOO 외길인생에서 가장 최고의 영화인것 같습니다. 주인공이 비록 전작에서는 제복경찰2 였지만, 이번 영화에서 주연을 맡고 생각보다 감정 연기를 너무 잘해요!여자 주인공도 일본인인데 한국말을 그냥 자연스럽게 구사하고요..스토리, ost, 연기, 연출 모두가 완벽한 영화였습니다.감독님이 첫 작품이신데도 최고의 완성도를 보였습니다. ost 들으면 잠도 잘 오고요, 하지만 만약에 보다가 잠이 들면 김범삼님이 오셔서 명치 한 대씩 때리시니까 조심하세요. "
6,영화가 뭘 이야기하고 싶은지 모르겠음. 일단 스토리가 납득이 안됨. 남녀 주인공이 싸우는데 왜 싸우는지 선뜻 납득이 안감. 싸우는 이유는 알겠는데 그런 사이에서 굳이? 이런 느낌. 또 배정남이 남주에게 여주에관해 한마디 하는데 그런 얘기를 왜하는지 황당함. 남주 별거 한것도 없는데 말야. 감독이 스토리를 납득 못시키고 혼자 나간 느낌. 다음으로 여주의 연기가 이 영화와 맞지 않음. 여주가 연기를 못하는 건 아님. 근데 톤 같은게 혼자 붕 뜨는 느낌임. 여주가 남주 얼굴 보고 갑자기 웃는 장면이 있는데 너무 부조화라 싸이코 드라마인줄 알았음. 이건 감독의 디렉팅에 문제가 있는 거임. 마지막으로 주제가 뭔지 애매함. 두 주인공의 사랑이야기라고 확 드러나지도 않고 슬픔을 안고 사는 사람들의 이야기라기엔 비중이 얼마 없음. 두 마리 토끼 다 놓친 느낌. 결국 뭣도 아닌 영화가 되어버렸음. 
2,"영화 시작 30분 경과, 나의 몸은 이제 주체할 수 없는 지경에 이르렀다. 내 영혼은 이미 방콕으로 떠났고 이제는 몸마저 영화관 의자 밑으로 떨어지려고 한다. 눈을 잠시 감았다 떴더니 여주인공은 머리를 풀고 택시를 타고 떠난다. 아, 잠시 졸았구나. 다시 영화에 집중하려 했다. 하지만 나는 마음만 방콕에 떠난 것이 아니었다. 실제로 나는 1시간 10분이라는 시간동안 방콕에 다녀갔다 온 것이었다. 그렇다. 감독 김범삼은 나의 손을 잡고 함께 방콕으로 떠났다. 18 years. 내 외길 인생에 이런 몽롱하고 오묘한 경험은 색달랐다.카오산 탱고. 이 날을 평생 잊지 못할 것이다. 아, 얼마나 의미있던가.&#34;카오산 탱고 했다.&#34; -옆자리 이모씨 "
1,한국 영화관람객들이 이런 독립영화를 많이 찾아줘야 한국영화도 더 다양성이 생기고 젊은 감독들이 도전할 수 있는 무대가 만들어질 수 있다고 생각합니다. 영화 보는 내내 너무 아름답고 노래가 좋아서 푹 빠져서 봤습니다 마치 미드나잇 인 파리 태국 버전느낌!! 좋은 영화 잘 봤습니다.!~~ 
9,"영화가 끝나도 바뀌는 것은 없다. 아메드가 배교자라고 믿는 선생님을 죽이려고 가슴에 품은 흉기로 그 배교자 선생님에게 도움을 구하려고 철조물을 두두리는 장면에서 우리는 우기가 가지고 있는 무기를, 신념을, 종교를 어떻게 써야 하는지 분명한 답을 다르데 형제는 주고 있다. 바로 남을 변화시키려고 쓰는 것이 아니라 자신을 위해, 자신을 살리기 위해 써야 되는 것이다. "
10,자신이 굳게 믿고 있는 신념일지라도 인간과 사회가 분리된다면 끝없이 회의해야함을 느낀다. 사람은 사람에 의해서 영향을 많이 받기에 올바른 스승과 사람들과의 연대가 중요함을 또한 그러한 사람이 되도록 끊임없이 사람과의 대화가 필요하다. 
10,시작한 지 얼마 안되어서부터 꿈을 얘기하는데 듣다보면 눈물이 난다. 그 꿈이 허황되기 때문일까 쉽게 꿈꿀 수 없는 그 꿈이 아름답기 때문일까. 생각보다 묵직한 음악으로의 시작이라 좋았고 처음 들어보는 잭 에프론의 목소리는 무척 무척 취향이라 놀라웠다 
10,좀 뻔한 전개 스토리이긴 하지만 아주 재밌게 봤고 감동적이었습니다. 실화 영화인 것을 생각하니 더욱 좋았습니다. 가족이나 아주 친한 사람들과 함께 보면 아주 좋을 영화입니다. 명대사들이 많이 나오고 기대 이상이었습니다. 많은 분들께 추천합니다. 
9,라라랜드 보다 재밌다. 10만원이 넘는 비싼 뮤지컬 보다 1만원이 안되는 위대한 쇼맨이 한 수 위. 한해를 마무리하면서 세상을 살아가는데에는 역시 함께와 용기라는 생각을 다시 하게 해 주어서 좋았다. 연말에 가족들이 보기 딱 좋은 영화!! 
10,다시는 들을 수 없을 줄 알았던 음악과 남자의 마지막 고백은 비극적인 결말에 한줄기 희망이었다. 영화는 악마의 메세지가 겻들어있지만 결국 우리가 한가지 깨달을 수 있는건 냄새를 맡고 맛을 느끼고 음악을 듣고 사랑을 하고 아이를 낳아 기르는 인간의 삶은 그 자체로 무의미하지 않았다는 것이다. 단지 우리가 그 소중함을 잊고 살뿐.이 영화는 현대인을 잔인하게 벌하고 비판하는 한편의 풍자극 이었다. 
10,"탄탄한 스토리와 거장 엔니오 모리꼬네가 만들어낸 최고의 영화. 몇번을 봐도 마지막장면에선 항상 토토와 함께 눈물을 흘린다. 우정, 사랑, 추억이 어우러져 가슴을 절로 아련하게 만든다. 숨은 이야기가 담긴 감독판으로 재상영 했으면 하는 바람이.. "
9,영화관에서 절대 보지말아라 이야기를 끌어가는 주요 이야기인 엘레나와 토토의 재회부분을 끝에 통째로 들어냈다. 상영시간 때문에 그랬을거지만 이건 범죄 수준에 가깝다. 번역도 개판이고 이 영화를 진심으로 사랑하는 사람으로써 배급사 죽여버리고 싶다. 
10,"신앙의 유무를 떠나 한 사람의숭고함에 가슴이 먹먹해지며자신을 돌아보게 만드는 영화였습니다.이태석 신부님이 돌아가셨을때우리는 의문을 가졌습니다.&#39;왜 할 일이 많은 젊은 사제를 불러가셨나고요&#39;하지만 우리는 지금 알고 있습니다.신부님의 죽음은 한 알의 밀알이 되어수많은  열매를 맺었다는것을요.신부님의 모습을 늘 기억하는 제자들의삶에서도 하느님의 현존하심을느꼈습니다.&#39;가장 보잘것없는 이에게 해 준것이바로 나에게 해 준것이다&#39;라는말씀을 품고 산 신부님의 삶이야말로제 인생의 좌표같은것입니다이기주의와 욕심으로 얼룩진이 현실에서 샘울같은 신선함으로우리를 일깨워주는 다큐영화,소위 돈 되는 영화도 아니지만이렇게 만들어 주셔서참 감사드립니다 "
10,"이태석 신부님은 계시지않지만, 신부님이 베푸신 희생과 사랑은 영원히 남아있다는것을 알 수있었던 영화였습니다.개인주의, 이기주의적인 현대시대에 자신의 삶을 다시 한번 되돌아보고 생각하게 만들어줍니다.각자가 꼭 한번씩은 보고 깊히 생각할 기회가 되었으면 좋겠습니다. "
10,‘너희가 이 가장 작은 이들 가운데 한 사람에게 해 준 것이 바로 나에게 해 준 것이다.’라는 말씀을 실천하신 신부님. 섬김의 삶을 통해 톤즈의 아이들의 삶을 바꾸고 그들이 다시 &#39;이태석&#39;신부가 되어 섬김의 삶을 사네요.보는 내내 눈물이 나네요. 
10,"아직 자식은 없지먼 자식은 부모의 거울이란 의미를 확실히 깨달은 영화이고, 너무 감동적이고 여운이 가시질 않습니다. 울지마톤즈를 안봐도 공감할 수 있는 내용들이고 나를 다시 돌아볼 수 있는 영화였습니다. 코로나로 삭막해진 이시기에 좋은 영화 감사합니다. "
10,"이태석 신부님이 뿌려놓은 씨앗들이 헛되이 흩어지거나 말라죽지 않고, 얼마나 단단히 뿌리를 내렸는지 알 수 있었다. 한 사람이 지구 반대편에 미친 선한 영향력에 얼마나 큰지... 이태석 신부님은 예수님같은 분이셨다. 사랑을 몸소 보여주셨고, 말씀을 실천하셨다.지구 반대편,  총 소리가 끊이지 않고, 부족이 다 다른 남수단에서 음악이, 희망이 피어나게 하신 그 희생...사후 10년뒤 의사, 약사, 방송인이 된 수많은 제자들로 열매맺었다. 신부님의 사랑에 영화내내 눈물이 흘렀다.감사합니다. 당신의 희생으로 예수님의 사랑을 보았습니다. "
10,한사람의 희생의 밑거름으로 세상을 변화시키는 그의제자들미래가 없었던 작은 나라의 마을에 희망의 불꽃이 되어 먼 훗날 세상을 변화시키는 작은 걸음이될수 있으면 하는 마음이 들게하네요악해져만가는 마음을 깨끗게 하는 영화입니다 
10,"이 영화가 &#39;아저씨&#39;나 &#39;용의자&#39;같은 영화보다 평점이 낮다는게 참ㅋㅋㅋ. 8점대넘는 국내 액션영화들은 스토리 개연성있고?ㅋㅋㅋ 나도 스토리 따지는사람이지만 이 영화는 스토리 갖다버려도 연출력, ost, 그리고 배우들 연기력만으로도 충분했던 "
10,사람은 자신의 본성을 바꿀 수 없다. 주인공은 사랑하는 사람으로 인해 본성을 최대한 죽이고 다른 삶을 살고자 했다. 하지만 개가 발단이 되어 죽었던 본성이 살아나게 된거다. 그러니 개 한마리 때문에.. 라는 얘기는 그만들 하시길... 
10,본격 개를 통한 힐링 액션물ㅋㅋㅋㅋ 사운드 빵빵하고 액션도 빵빵하고 설정도 군더더기 없이 깔끔하다. 괜한 어줍잖은 감성팔이 스토리로 액션영화 만든 것 보다는 낫다. 그러게 왜 개를 건드려가지고는. 조막만하더마. 때릴 때가 어딨다고. 
10,"추억으로 남은 과거는 사랑스럽고 달콤하다. 초심을 떠올릴 수 있다. 그러나 거기에 함몰되면 안 된다는 듯, 마지막에는 모두의 담배가 꺼진다. 아쉬운듯 과거의 환영을 보며 잠시 담뱃불을 붙여보지만, 이내 금방 꺼버린다. 아름다운 순간에 항상 머물 수는 없기에... "
10,"역시나 지금까지 인구에 회자되는 명작은 다르다. 인생과 사랑과 예술과 역사가 서로 오묘하게 교직되어 공명하면서도 충돌하고, 모순되면서도 합일을 이루어낸다. 어떤 영화가 인간의 삶을 이토록 다양한 각도에서 총체적으로 그려낼 수 있단 말인가 "
10,톰보이 너무 좋게 봤어요... 잔잔한 듯 하지만 감정적 스릴러라 불러도 좋을만큼 강렬하고 여운이 깊은 영화였습니다. 특히 로레에게 많이 공감됐어요.. 어릴 때 나에게로 돌아가서 이 영화를 보여줄 수 있다면 좋았을 거라고 생각하면서 크레딧이 올라가는 내내 울었습니다. 두고두고 꺼내보고 싶은 영화예요.. 
10,"영화의 마지막이 조금 아쉬었지만, 영화 중간중간의 장면들에서 생각해볼 수 있는 것들이 많은 영화입니다. 특히 동생 역을 맡은 배우가 관계 후 거울 앞에서 남편과는 대조적인 얼굴을 하고 있었던 부분은 충격으로 다가왔어요. 여러모로 충격적이고, 많은 것들을 생각해 볼 수 있게 한 좋은 영화였어요. "
10,"영화에선 보여지지 않은 그들의 삶을 상상해본다. 말해주지 않는 감정을 떠올려본다. 쉽사리 연민하지 않고 손쉽게 안도하지 않는다. 그저 나타난 표정을 바라본다. 보이지 않는 삶을 바라보는 건 사실 자신의 마음을 들여다보는 일인지도 모르겠다. 아니면, 자신의 마음에 닿기 위해, 스스로를 지탱하기 위해 누군가가 필요한 걸지도 모르고. 더는 볼 수 없더라도 우린 그 누군갈 기억하고, 또 만나며 살아간다. 보이지 않는 서로의 삶을 간직하며 사랑한 두 사람처럼. "
8,"세상에나.. 이렇게 아름다운 명작을 지금서야 보다니.. 장면 하나하나.. 한 폭의 멋진 &#39;그림&#39;들을 보는 듯한 느낌이다. 유난히, 인상적인 키스씬들이 아름다운 풍경들과 멋드러지게 연출되었으며, 철없는 귀족아가씨가 이룩한 정신적인 성장도 감동으로다가옴. "
8,잔잔한 연애소설을 읽는 듯한 두근거림과 함께 아름다운 배경들이 감성을 자극했던 영화예요. 피렌체에 여행갔을 때 영화에서의 전망을 상상하며 호텔방창턱에 앉아보던 기억도 나네요. 오만과 편견이나 제인에어를 감동깊게 봤던 분이라면 강추! 
2,요즘같은 양질의 영상들이 유튜브에 썩어나는 세상에 이런 영화가 영화관에 나오네요 최악입니다 진짜ㅋㅋㅋㅋ 시간과 돈이 썩어나고 넘치는 사람만 보세요. 영화를 보는것과 동시에 충격 혼란 당황 슬픔 분노를 동시에 느낄 수 있고 예고편이랑 본영화랑 내용이 다를것이 없는 영화도 존재한다는걸 처음 깨달았네요 정말 영화가 궁금하신분은 예고편만 보세요 그게 전부니까. 
2,18 기대졸라하구봤는데 진짜벙찌네; 깡통도 많이 남았는데 박신혜 구사일생으로 탈출해서 갑자기 총 왜 유아인 주고 쏘라고함?; 개어이없음; 걍 가만히 앉아서 방에서 안전히굶어죽으면 재미없응께 주인공들은 조나 어이없게 사방팔방에서 오는 좀비들 물리치면서 기어나옴 좀비가 옆에서 가만히만 있으면 모르고 지나가기도 함; 어이없음; 마지막 헬리콥터는 무슨 밑에서 기어올라오냐? 진짜 내용 단순막장 에구 좀비분장 세트만들고 참 본전 뽑을수있을까? 박신혜는 지겹다 고만좀 나와라; 끝. 
10,"꿈과 일에 청춘을 바친 이들에게 공감이 될 영화, 예고편을 보고 희망을 주지 않을까, 극장을 찾았다. 피식피식 웃다 찬실이가 울 때 따라울었다. 청춘을 바친 쓸쓸한 이들만이 알 수 있는 슬픔... 2020년 3월 5일, 찬실이에게 장국영이 나타났다면 내게는 찬실이가 나타났다. 그리고 함께 울고, 함께 위로해줬다. 지금, 꿈으로 힘든 이들이 있다면 꼭 이 영화를 관람하시길 추천한다. 내 생에 있어 이 영화는 절대 잊지 못할 것 같다. 감독님, 배우님, 스태프님 모두 수고하셨습니다. 코로나에 힘드실텐데 제 감상평이 위로가 되었으면 좋겠습니다. 고맙습니다. "
10,"그렇지!!! 영화는 이런거지. 돈 많이 들어간다고, 유명배우 많이 나온다구, 미장센에 돈 많이 쓴다고, CG장면 많다고 좋은 영화가 아니다. 잔잔하지만 많은 사람이 공감할 수 있고 본인도 모르는 사이 주인공을 마음으로 응원하고. 이유는 모르겠지만 나의 눈시울은 뜨거워지고, 영화를 보고 나와 나 자신의 요즘 자세를 반성하며 다시 열심히 살아야지 하는 다짐을 스스로 하게 만든 영화 &#39;찬실이는 복도 많지&#39;. 김초희 감독님 감사합니다. 이 어려운 코로나 시기에 이런영화를 만나게 해주셔서. 찬실이도 저도 2020년에 복 많이 받았으면 합니다. "
10,배에서 태어나 세상을 배로 제한해놓고 사는 주인공.. 어쩌면 그 유한함이 그의 삶을 더욱 빛 나게 할 수 있었기에 영화가 더 감동적이었지 않나.. 가끔 ost 앨범을 듣는데 곡 하나하나에 에피소드가 있어서 듣는 내내 영화내용이 머릿속에 그려지는.. 
10,"늘 예산 대비 고퀄 영화 선보여주는 감독...  고작 4500만원에 이런 영화를 만들었다는거 자체로도 놀라는데..음악,조명,미술,연기(욕은 좀 줄었으면 좋았을듯) 다 좋음. 이것들을 조화롭게 잘 섞은 건 단연 연출가의 역량이다. 상업영화 제작사, 투자자들은 뻘짓말고 이런 감독한테 투자해라!!!!7번방의선물 이딴거 말고 "
10,감독님 다른 다큐 (자 이제 댄스타임이랑 시국페미)도 재미있게 봤었는데 이번 작품도 좋았어요. 기지촌 성매매 여성 혹은 그 주변의 여성들의 현재 이야기를 그 공간을 중심으로 풀어나간 점이 재미있었어요. 앞으로도 좋은 작품들 기대해요! 
10,"너무 많은 생각이드는 영화 였습니다. 이태원에 대해 더 알게되었고, 영화에 출연하신 배우 님들의 인생을 다 알진 못해도, 공감가는 말들이 많아서 좋았습니다. 개인적으로 얼마 안 남은 2019년에 본 영화들 중 제일 좋았습니다. "
10,"여운이 긴 명작. 아직도 비발디의 사계-여름 3악장이 귓가에 맴돌고 전율이 가시지가 않는다칸 각본상을 수상한 셀린시아마 감독은 연출력도 어마무시하다 카메라의 구도나 기법이 단 하나도 거슬리지않고 어느 장면에서 정지를 눌러도 명화처럼 예술작품이 될 수 있다고 느낀다불과 물, 자연경관도 이 영화의 예술성에 톡톡히 기여한다아델에넬과 노에미메를랑의 시선으로 촘촘히 짜여있어서 몇번을 봐도 새로운 구석이 보인다 첫번째에는 대사에 집중, 두번째에는 표정, 세번째에는 눈(시선) 네번째엔 디테일....프랑스영화여서 거의 모든 영화제에서 하필이면 기생충과 외국어영화상을 두고 맞붙고 있는데 어느쪽을 응원해야할지 모르겠다마지막으로, 이 영화는 모든 여성들이 기다려온 여성서사 작품이다. 아름다워서 미쳐버릴수도 있는 영화라고 확신한다 "
10,"소위 퀴어무비로서도 완성도가 좋지만, 사적 영역(여성간의 금지된 사랑)으로써 당대의 거시적이고 역사적인 맥락(평등을 추구한 18세기 프랑스 혁명)과, 익히 알려진 그리스 신화로 표상되는 사랑의 불멸성 및 초시간성까지 담아냈다는 데 이 영화의 훌륭함이 있는 것 같습니다. 연출과 영상미, 배우들의 연기력 등 거의 모든 요소가 뛰어나지만, 가장 압도적인 면은 감독이 이 주제 의식을 많은 관객들을 전율시킨 보편성을 획득하도록 어떻게 엮어냈는지라 생각합니다. 퀴어무비나 여성영화라는 범주에서만 평가된다면 유감스러울, 천의무봉에 가까운 영화. "
9,인터넷 평점 보고 찾아간 허름한 맛집 같은 영화였습니다. 처음엔 잘못 왔나 꽝이었나 싶지만 가게에서 나올 때는 어느샌가 그 맛에 반해 자신도 남에게 추천하고있는 맛집과도 같은 영화입니다. 절대로 화려하진 않지만 재밌는 영화였습니다. 
9,"최근 일본 애니메이션에서 성장을 논하는 방식이 정형화되고 있다고 느끼는 일이 많았는데 이 영화는 되게 신선했어요. 힘들었던 일을 완전히 극복한 것도 아니고 (맨 마지막에 흘러나오는 크리스마스 메세지는 정말..) 주인공 히나코가 미나토의 일에 많은 영향을 받긴 했지만 크게 보면 미나토도 하나의 파도고, 히나코는 또 다음 파도가 오면 타이밍 맞춰서 잘 나아가겠구나 싶었어요. 생동감 넘치는 판타지인데도 계속 울면서 봤네요 ㅜㅜ "
10,진짜 덱스터가 방황했던 시간들을 보면서도 왠지 덱스의 진짜 마음은 엠마에게 가 있는것 같다고 느꼈는데  마지막 시간을 거슬렀던 장면을 보면서 진짜 처음부터 서로 좋아하고 있었구나... 새드로 안끝났으면 더 좋았을듯..ㅠㅠ 
9,"2차 세계대전이라는 시대적 배경과 현대적인 공간적 배경의 부조화. 남자주인공의 심리를 차분히 따라가게 됩니다. 주인공들의 대사, 영화 내용을 자꾸 곱씹어보게 되더라구요. 오랜만에 만나는 매우 독창적인 영화라고 생각합니다. "
9,"헐리우드 관점이 아닌, 러시아의 시각에서 본 2차 세계대전 영화라 흥미롭다. 선전영화 느낌도 없고, 전쟁 속의 러시아 민중의 고뇌와, 정치감찰을 쉴세없이 받아야 하는 어려움이 새롭게 다가온다. 독소전쟁의 참상을 적나라하게 느낄수 있다. "
10,"뮤지컬 영화라 갑자기 튀어나오는 노래에 당황했지만, 보다보니 익숙해지고 노래도 좋고, 특히 주연은 물론 앙상블 배우의 춤과 연기력까지 더해지는 흥미있는 영상이었습니다. 주연 배우가 노래할때면, 어떤 이유에서인지 나도 모르게 툭툭 눈물이 흘러서 깜짝 놀랬습니다 ㅋㅋ 저예산 영화라는데 엄청난 시도를 하신 듯 하여 칭찬드립니다. 잘 봤습니다~^^ "
8,"음악 영화다 보니 음악에 집중하게되었는데요. 먼저 인트로에 나온 노래가 너무 좋았습니다. 그런데, 배우분들 노래는 너무 좋은데 다만 반주가 별로였고 뜬금없는 안무도요. 식당 씬에서 굳이 안무하시는 분들이 나오셔서 조금 오글(?)거린다 할까요ㅎ 그리고 잔잔히 반주가 들어왔음 좋겠는데 &#39;나 이제 노래한다&#39;라는 느낌이 들어서 흐름이 좀 끊기는 느낌이었구요. 스토리랑 배우분들, 특히 어머니 역할하신분이랑 작가 역할하신분 연기랑 목소리가 너무좋았어요! 그리고 제일 아쉬웠던 부분은.... 마지막 기생이었다면 시대 생각해서 국악풍의 잔잔한 음악도 좋았을거 같은데.... 기생역할 배우분 노래 목소리도 너무 밝아서 감동이 좀 반감되었어요 ㅠㅠ 그래도 좀처럼 볼수없는 장르라 괜찮게 봤습니다~  더 좋은 작품으로 다시 감독님, 배우분들 뵀으면 하네요 "
10,1세대 이주노동자들에게 시민이될수있는 기회조차 주지않고  다 추방시켜버린 것은 우리가 얼마나 다름의 존재를 배척하고 혐오하는 문화를 가진사람들인지를 말해준다. 이 영화를 통해 우린 우리와 다른존재들은 어떻게 껴안고 함께 공존해나갈것인지 생각해보는 시간을 가져야할것이다. 
10,딸 역할에 이입되서 보았습니다. 아버지나 남편이나 어휴... 우리네 생활사가 담겨 그런지 보는 내내 무슨일이 터질까 조마조마 하며 보았네요. 배우님들이 다 연기를 잘 하셔서 너무 몰입도 있었어요! 가족과 함께 다시 볼꺼예요. 
10,"평론가 평점이 ‘이상하게’ 높은게 이상해서 별 기대없이 관람했는데.. 꽤 흥미롭게 봤습니다! 건조하리만큼 담담한 연출과는 달리 세심,세밀한 시선과 고집스런 똑심이 무척 인상적입니다. 앞으로가 더 기대되는 감독이네요^^ "
10,"봉준호 감독님이 언급한 마틴스콜세지 감독님의 말 &#39;가장 개인적인 것이 가장 창의적이다&#39; 이 말에 가장 부합하는 영화,이런(스타일,이야기,연기,촬영,시도해서 찍고 완성해서 개봉하는 그 순간까지 모두)류의 영화가 진정 한국영화의 긍정적인 미래다,앞으로 10년, 20년... 미래가 궁금하고 기대되는 감독, 배우분들,그 기대감을 충족하기 위해선 많은 지원과 관심이 있어야 하는 건 당연!당장 우리 관객부터 일부러 찾아가서 보고 알리고, 좋으면 좋다 싫으면 싫다 반응 보이고 또 기대하고, 해야지 하는 의지를 새삼 다시 일깨우는!! "
9,일단 배드신이 이따구인거에 대해 실망을 좀 했다..영화 자체는 처음부터 끝까지 긴장의 연속이다.웃긴게 크리스가 쓰레기인게 당연한데 영화를 보는 은연중에 갑자기 크리스가 혹시 걸리지 않을까 노심초사하게 된다는 거다.. 
10,"청각장애 가족들 사이에서 혼자가 된 묘한 기분이 싫어 소리를 잃고 싶어하던 주인공 보리의 성장 스토리. ㅡ 우연한 계기로 소리를 잃어버린 상황을 연기하던 중,  가족들의 고충을 피부로 느끼며 소리를 들을 수 있든 없든 관계없이  그 자체로 소중하단 부모의 반복된 워딩으로, 여름 날 늘어지듯 자고 함께 식사하고 빨래를 너는 지극히 일상적이고 평온해 보이는 연출/ 연기로,  오롯이 담아내고 있다. "
10,"영화제에서 두 번 보고 가족과 보려고 개봉을 손꼽아 기다렸다. 세 번째 보는 영화임에도 도입 5분과 마지막 엔딩크레딧에서 밀려오는 감동은 여전했다. 극장 밖 푸른하늘을 보니 영화 OST를 들으며 주문진으로 가보고 싶다. 하나부터 열까지 모두 있을까? 둑, 보리, 흰구름, 푸른하늘, 친구 은정이, 따뜻한 이웃들, 주문진 맑은 바다, 자장면 짬뽕 탕수육, 아빠 엄마 남동생 정우, 이 모든 걸 담은 기타선율. 보리가 걷던 길을 걸으며 나도 보리라. "
9,"알록달록 다채로운 색감,  배우들의 뻔뻔한 연기,  순수한 인어, 그리고 사랑이 돋보이는 영화.   영상미가 좋고, ost도 사랑스럽다. 다소 개연성이 떨어지지만, 판타지 영화에 개연성을 왜 바라나! 연인 또는 썸남썸녀와 보기에 손색없는 로맨틱 코미디임. "
10,영화가 이렇게 아름다울 수가 없습니다. 사랑해서는 안될 사람과 사랑에 빠져본 적이 있나요? 라는 질문을 던지는 영화이기도 합니다. &#34;당신이 나를 사랑하지 않아서 정말 다행이에요.&#34; 라는 룰라의 말과 진주눈물을 흘리던 장면이 계속 기억에 남네요. 보면서 셰이프 오브 워터랑 노킹 온 헤븐스 도어 생각도 나더라구요! 결말도 희망적인 것이 정말 전 연령 재밌게 볼 수 있는 영화 같아요. 관람 적극 추천합니다. 
10,가슴이 먹먹하고 눈물이 줄줄..왜 때문이지? 영화보고 나와서 바로 내일날짜로 다시 예매했다.같이간 바보멍청이 같은 남편의 팝콘 씹어 먹는 소리가 너무 거슬려서 영화의 초반을 1정도 놓친것 같아 나혼자 조용히 다시 보고 싶다. 평일 낮에..조용히 
10,다들 미소를 보고 위안을 얻는다고 하는데 전 미소처럼 될까봐 무서웠어요. 마음이 따뜻하긴한데 괴로웠어요. 어떻게 다들 이게 자신에게 안 일어날 꺼라고 생각하실 수 있죠? 잔혹하고 아름 다운 서울 동화 였습니다. 발견하기 힘든 가치의 영화 였습니다. 
10,지루할 것 같지만 전혀 그렇지 않고 몰입하고 재밌게 봤다. 프랑스식 유머라기보다는 누구나 웃을 만한 요소가 많다. 결말이 예상되는 조금 뻔한 전개긴 하지만 지루하지 않고 재밌게 흘러갔다는 점에서 높은 점수를 주고 싶다. 
8,"주말영화 편안하게 보고 싶은 영화찾다가 제목에 끌려서 선택했던 영화 기대 이상입니다:)연기,스토리 그리고 번역도 올드하지 않은 영한 느낌에 OST가 찰떡이네요지루할것 같지만 전혀 아니여서 더 몰입할수 있었고충분히 공감할 수 있었던 가족영화네요재밌게 잘 봤습니다^^ "
10,가족구성원이나 성별에 대한 사회적인 편견을 내용을 담고 있는데 부담스럽지 않고 밝고 유쾌하게 보여주는 것 같아요! 대표님 덕분에 재밌게 봤습니다! 김주아님 나중에 다른 영화에서도 보면 오늘 본 보희가 생각날듯해요!! 
2,"중국, 특히 주인공인 오경이 세계 평화를 지키고 지구도 구하는 등 중화사상이 들어있는 영화를 그간 수없이 많이 봐왔지만 이번 영화가 그 중 최고 였던 것 같다가장 가관이었던 것은 초반에 사고로 사망한 첫 등반대장의 대사였는데 관람하는 내내 잊혀지지 않았습니다.&#39;방오주 이제 네가 등반 대장이다. 꼭 우리산의 정상에 올라가다오&#39;언제부터 에베레스트가 중국의 산이었는가.. "
6,별점 1점은 뭐지 알바썼나ㅋㅋ 정말 잘봤습니다. 뭘 자꾸 진상규명하라고 하냐고 하시는 분들이 있길래 화나서 남겨요 박근혜가 감옥에 들어가고 배만 꺼내면 다인가요? 왜 조작했는지 그리고 배에는 뭘 실은건지 구조는 왜 안했는지 전부 다 밝혀내야죠. 아직도 수면위로 떠오르지 않은 감춰진 진실들이 너무나 많은데 뭘 자꾸 그만하라는건지 모르겠네요. 이렇게 계속 조사해주셔서 감사합니다. 
10,&#39;그날 바다&#39;를 보고 진짜 경악을 금치 못했으나 생각의 한 편엔 아직 확실하지 않다 라는 생각이 있었는데 &#39;유령선&#39;을 보고 확신이 생겼다. 분노가 치밀어 오른다. 단순 감정에 호소하는 영화가 아니다 슬픈 영화도 아니다 데이타 분석에 의한 다큐다.박근혜 대통령 기록물 반드시 다 열어봐야하고 제대로된 진상규명 해야 하고 관련자들 모두 처벌해야 한다. 
10,"몇년 전 &lt;그날, 바다&gt;라는 영화가 상영되어 세월호 고의 침몰 의혹이 고조되던 시점에 뜬금 없이 무슨 밸브 고장 때문이라며 찬물을 끼얹었던 뉴스타파 인간들아, 이 영화 똑똑히 보고 어디 또 한번 반론을 제기해봐라 ! "
4,세월호가지고 다큐좀 그만만들라고? 니들은 세월호가 왜 침몰했는지 모르지?? 당연한거야 검찰에서 적극적으로 수사안하고 그냥 묻어버린건 이유가 있어서야 이런사람들이 안나서면 도데체 누가 세월호에대해 이렇게 자세히 조사할까? 생각좀해라 니들이야말로 세월호사건을 가만히 두고 잊어버리려는 자세가 유가족들을 더 힘들게 하는거야 알겠냐 
10,"내 인생에 10점 짜리 영화는 별로 안된다. 그중에 하나가 바로 이 영화이다. 현장감있는 연출과 카메라 앵글, 케릭터들이 모두 생동감 있고 몰입도가 상당하다. 영화를 보고나면 마치 내가 브라질 빈민가에서 살아봤던것처럼 느낄정도로 정말 잘 만든 영화이다 "
9,"정말 나의 인생 영화 탑 텐에 들정도인 명작 중에 명작인 하나.. 정말 오랜만에 다시 보련다.  다시 보는 영화들이 극히 드물지만..그정도로 이 영화는 다시 한번즘 보고 싶다, 중간에 정말 스토리 전개 죽이는 부분을 다시 보고 싶어서 그런것이다. "
1,이념하에 무고한 산밤들이 희생된 사건이지 근데 이제는 발전을 위해 재조명할 시간이 되지 않았을까?? 이젠 이런 정권의 이익을 위한류의 영화를 더 이상 보고싶진 않음 한쪽의 의견이 아니라 팩트에 근거해서 중립적인 시각의 영화가 나와야하지 않을까 
10,메멘토를 보고:이야 이작품이 21세기 최고 작이다-&gt;배트맨 비긴즈를 보고:이야 이작품이 21세기 최고 작이다-&gt;다크 나이트를 보고:이야 이작품이 21세기 최고 작이다-&gt;인셉션을 보고:이야 이작품이 21세기 최고 작이다.끝없는 데자뷰를 일으키는놀란감독. 
9,"5번 정도 봤는데 드디어 이해가 간다... 이걸 한번에 이해한 사람은 진짜 천재이고 무엇보다도 이런 영화를 만든 놀란이 정말 대단하다.. 경의를 표한다 진심으로 내 인생에 있어서 최고의 영화이다. 이보다 더 대작은 지금까지 본 적이 없다, "
9,어린시절 일기장을 어른이 되어 꺼내 본 듯한 영화였습니다.  지금은 추억이 되었지만 그때 그 시절 최대 고민이였던 관계에 대한 궁금증...그 시절 어쩌면 내 모습이였을지도 모를  그  초조한  눈빛을 어린배우들의 연기에서 볼 수 있었습니다. 
8,저번에 출발비디오여행에서봤어요 초등학생들의 갈등 그리고 그들의 우정이야기 어떻게보면 뻔하겠지만 그래도 전혀 조미료들어가지않은 순수한 아이들의 모습그대로를 영상으로 만든거같아서 좋아요 영화얘매상영관좀늘려주며좋겠네요.... 
10,저는 이영화를 보는내내 왜눈물이 났을까요.. 아직도  척박한 길냥이들이 많음에 학대당하고 유기당하는 냥이들이 많음에 맘이아프고슬프고 속상한건 분명하지만 세상이 점점 변하고 따뜻한분들이 많아질거라는 기대 희망을 가져보게되는 영화입니다..많이들 보셨음하네요 
10,"마음이 따뜻해지고 너무 귀여웠던 냥이들 길고양이를 지나치게 슬프거나 고생의 대상으로 보지않고 편안하고 우리와 함께 공존하는 느낌으로 풀어나가서 더 좋았다! 분하거나 슬픈거 전혀 없고 아이들도 즐거운 마음으로 마음껏 볼 수있는 영화. 고양이들이 행복한 세상이 어서 오길 바래봅니다. 정말 귀여웠던 레드 은근 존재감 컸던 조폭이 ㅎㅎㅎ 중국집 아저씨도 정말 존경합니다!!! 춘천 놀러갈게요! 노량진 아주머니들도 너무 감사하고,,,태교 중이었는데 냥이들 덕에 힐링 잘하고 왔어용! "
10,"따뜻한영화잘감상했습니다~~요즘 많은가람들한테 알려져야하는영화~~인간들이 자연파괴로인해 동물들을 갈곳없게만들어놓고,,,인간 자연 동물 함께공존하는 세상왔으면좋겠어요~~더이상 인간의 이기심로인해 자연파괴될일이없고~동물들도 편안하게 사는모습 간절히바랍니다!!제발 그조그만한애들한테 욕하고 돌던지고발로차고 학대좀 하지마세요ㅠㅠ 굳이 그리 야박할필요 있을까요ㅠㅠ사람만 동물를 안해친다면 동물들두 절대로 사람안해칩니다~~그냥 가만히 놔둬도 굶줄임에 아픔에오래못사는 불쌍한아이들입니다ㅠㅜ힘있는자가 힘없고 약자를 보듬어주는세상 동물과인간 유대감꼭필요한세상오기를빕니다!!~~ "
10,귀여워서 &#34;아~~~~♡&#34; &#34;오오~~~♡&#34;같은 감탄사가 나오려는 걸 참느라 입 막고 영화를 봤어요곳곳에 숨은 킬링포인트들을 발견하면 나도 모르게 마음이 스르륵 녹아내린답니다. 오랜만에 마음이 힐링되는 귀와 눈이 피로하지 않은 영화를 봐서 행복했어요 
10,슴슴한듯 있을것 같은 스토리 그래서 ... 좋았다. 청년과 노년의 그사이 사회에 속하거나 속하지 못한 그사이 .. 꿈을 찾거나 방황하는 그 사이의 위로 마지막에 영화 간판속에 그와 그의 뒷모습은 매우 닮아있었지 .. 
10,이동휘 형님 연기도 너무 좋았고 담배로도 연기를 하는 이동휘 연기도 너무 좋았어요. 모두들 힘들지만 자기 책임은 다하려는 인물들의 모습이 뒤늦게 감동으로 다가왔어요. 전 형님 입장이 너무 공감되어 눈물이 났었어요. 연기 모두 좋습니다. 
8,방금 봤는데 올해 최고의 작품인정. 이런게 진짜 한국영화의 힘이다. 숨막히게 세상을 짓누르는 압력에 세밀하게 그 압력이 빠져나가는 곳은 바로 우리의 삶이다. 이렇게 세상의 일을 개인생활속에 투영시키는 영화는 이영화가 최고다 더이상 할말이 없다. 
10,"영화를 보는 내내 김영지라는 사람의 인생을 듣고싶다는 생각을 계속 했습니다. 그리고 수술해야 한다는 은희를 보며 우는 아버지, 반찬을 덜어주는 어머니, 그 관심에 기분 좋아 웃는 은희. 어릴때의 내가 생각나 안아주고 싶었어요. "
10,마약과 관련돼서 자극적인 내용인 줄 알았는데 보는 내내 재밌는 장면과 연출이 이어져서 볼만합니다 탈북민의 다른 환경에서 살아가는데 답답함과 양아치의 환경도 이해하게 되는 영화여서 10대 20대들이 이 영화를 보고 영화처럼 비행할 수 있길 바랍니다. 
10,젊은이들이 어럽게 살아가는 현실과 경제적 어려움으로 극단적인 선택을 할 수밖에 없는 현실이 너무 마음이 짠하다. 내주변에도 어려운 사람이 없는지 생각해 보는 계기도 되었다. 나의 젊은시절을 돌아보게 해주는 좋은영화인데 관객이 없어 아쉬웠고 많은 사람들이 보았으면 좋을것 같다. 
9,신화가 실제로 어떤 사실에 근거해 만들어지는지를 보여주는 영화. 허항된 영화 같지만 의외로 세세한 부분들이 역사의 고증을 따른 살아있는 케릭터와 재미있는 이야기에 전쟁의 슬픔까지도 보여주는 영화. 명작임에 틀림없다. 
9,기독교 선교자들인가요? 난민보호소에서 노래로 위로하던장면...처음엔 어이없고 욕이 나왔는데 생각해보니 우리 모두를 꼬집은 감독의 의도같기도했어요 진지한 고민도 실질적인 도움도 없는 값싼 동정심으로 끝나는 우리 모두의 모습. 
10,"자인이 요나스에게 최선을 다하는 모습이, 누군가 자신에게 해줬으면 하고 바라는 최선인 것 같아서 마음이 아팠다. 자인이 요나스를 보내고 돌아오는 버스에서 흘리는 눈물이, 여동생을 잃고 흘리는 눈물이 자기 자신에게 흘리는 눈물같았다. "
9,"일본군 &#39;위안부&#39;의 피해자 할머님들과 베트남전쟁의 피해자 분들이 한 자리에 모여 전쟁의 아픔과 피해에 대해 이야기 할때 기분이 묘했습니다. 우리나라는 전쟁의 피해를 받기도 했지만, 피해를 주기도 했었다는 역사를 잊지 않겠습니다. "
10,"외화획득 혹은 돈을 번 전쟁으로만 우리에게 인식되든 베트남 전쟁. 그 이면에는 무엇이 있을까? 바로 한국군의 민간인 학살이 있었다. 당시 한국군 자행한 민간인 학살을 겪었던 피해자는 그 상처를 기억하지만, 참전했던 용사들은 역사적 사실을 부정하고자 한다. 누구의 의견이 맞는걸까? 이 작품을 만든 이길보라 감독은 양측의 입장을 보여주며 영화를 이끌어 나간다. 확실한건 당시 한국군에 의해 피해를 본 민간인들이 지금도 두눈뜨고 멀쩡히 살아있다는 사실이다. 민간인 학살 피해자들이 외치는 목소리를 단순히 증거부족으로 외칠 수 있을까? 영화를 보며 이 질문에 대해 여러번 생각하게 된다. 왜 민간인 피해자들이 아직도 눈물을 흘리는 지를 알고 싶으면 꼭 보아야할 영화가 아닐까 생각해보게 된다. "
9,"아프지않고 억울하지않은 전쟁이 어디있을까? 단지 , 군인이아닌 민간인 학살같은경우는 가해국과 피해국모두 진심어린해결방법을 찾는모습이 좋을것이다. 그런데 ,베트남은 캄보디아 ,라오스나 미얀마등에 행한 학살및 진행중인 인권침해및차별에대한 책임은 지고있는지 반문해봐야하지않을까 "
7,"희생자의 기억과 참전자의 기억 간의 전쟁. 희생자의 기억 속에서는 아직도 사그라들지 않는 전쟁. 러닝타임이 짧고, 고증보다는 정서에 집중하였기 때문에 아주 훌륭한 다큐멘터리를 기대하기는 힘들지만 중요한 메세지를 상기하고 있다는 점에서 잘 보았습니다. "
10,&lt;카트&gt;가 좋은 영화가 아니라 잘못된 영화임을 알게해줬다. 노동자는 약자가 아니다. 우리 자신이다. 노동자를 약자로 규정하는 순간 상위와 하위 계급으로 나뉜다. 다르덴은 우리 모두는 동등한 존재인데 차별 받을 수도 있음을 알라고 말한다. 
9,"남녀노소 누구도 피해갈 수 없는 죽음을 진지하게 바라보게 만드는 영화다. 죽음이라는 무거운 소재를 때로는 유쾌하게, 때로는 진중하게 풀어나감으로써 젊은층도 영화에 몰입하게 만든다. 언젠가 겪게될 죽음을 대비하며, 살면서 한번쯤은 꼭 봐야 할 영화라 생각된다. "
8,죽고 싶지만 죽을 수 없는 운명. 우리의 삶도 로제타와 비슷하지 않을까. 인생이란 축복이자 한 편으론 저주가 아닐까 삶의 배경을 한 번 더 생각할 수 있었고 먹먹하게 만든 영화. 지금 처해있는 상황이 로제타와 비슷해서 그럴 수도. 평범하게 살고만 싶다 
8,정말 짧은 러닝타임 내에서 정말 중요한것만 보여주는 영화 였어요. 누가 로제타에게 돌을 던질 수 있을까요 영화가 끝난 뒤 OST 들으며 다시 되새김질 하려고 했는데 생각해보니 OST가 없더군요 그치만 OST 없이도 충분히 다시금 떠오르는 영화였습니다. 
10,&#39;아일랜드 기질&#39;이 뭔지를 확실히 보여주는 코미디. 아일랜드에 대한 감독의 애정이 뚝둑 묻어나는 듯...  원래 한국에는 &#39;아일랜드 연풍&#39;이란 제목으로 주말의 명화로 소개됨. 원제는 좀 의아하군...  quiet man이라니.. 
1,"수입할 영화가 없으니깐 이런 개허접영화도 개봉을 하는구나...용산CGV에서 9천원 주고 예매,.보다가 토 나와서 중간에 나왔다. 개연성 제로에 스토리도 개허접. 이거 볼 돈으로 마스크 사라. 이거 10점 주는 애들은 알바인증하는거니깐 절대 속지 마라!!! "
10,"소소하지만 힐링되는, 너무 유쾌한 이야기네요. 이런게 &#39;소확행&#39;인가 싶어요 풍경죽이네욬ㅋ &#39;모든 것을 벗어던진&#39; 이란 제목에 이런 중의적 의미가 있을 줄이야..ㅋㅋ 코로나 때문에 여행 못가는데 완전 대리만족 하고 왔어요! "
10,"처음부터 끝까지 맞는 말밖에 없는데 뭐가 그렇게 불편한 건지 모르겠네요. 한 번도 여성의 입장에서 생각해본 적이 없으니 공감을 못하시는 거겠죠. 공감하려고 하지도 않고요. 페미니즘 영화니까 보기도 전에 무턱대고 욕하거나 평점 테러 같은 무식한 행동하지 말고, 먼저 다른 시각으로 바라볼 줄 아는 능력을 키우길 바랍니다. "
10,엔딩에서 그들과 눈맞추는 순간을 결코 잊지 못할 것 같아요! 이 영화를 진짜 관람하고 댓글 다는 사람들은 &lt;미스비헤이비어&gt;가 결코 남녀간의 대립이나 여성과 여성간의 싸움을 조장하는 이야기가 아니란걸 공감할 것입니다. 정말 기본적이고 핵심적인 내용을 유쾌하고 부담없는 톤으로 전달하고 있어요. 섣불리 판단하지 마시고 극장에서 꼭 보세요! 
10,"냉정한 시대와 비대한 현실이 밀어낸 비정상적인 단절의 고통을 한올 한올 소중히 건져올린다. 인식의 불편함을 가져야만 역사의 전수도, 지나쳐버린 아픔을 치유할수 있는 최소한의 기회도 얻게되지 않을까.. 실향민2세대로 많은 공감과 인사이트가 있었습니다. 소중한 기록 남겨주셔서 감사합니다! "
10,"실향민 3세기도 하고 평소에도 이런 문제에 관심 있던 사람이라 좋았어요. 실향민 3세인 손자가 할아버지를 생각하면 하는 감상도 제 생각과 동일했구요. 아직 돌아가시지는 않았는데 물어보고 싶은 게 많았는데, 막상 물어봐도 대답해주는 것 자체가 할아버지께서는 상당히 힘든 일일 것 같거든요. 그 일들을 겪으면서 기억을 떠올리는 게 어려운 일이니까.... "
10,"시사회 보고나서 개봉하고 한번 더 봐야겠다는 생각이 들 정도로 재밌었어요. 초반에는 살짝 지루한 감이 없지않아 있는데 중반부부터는 시간가는줄 모르고 봤네요! 배우님들이 연기도 너무 잘하고 소리도 진짜 너무 좋아요 더운 여름철에 소리꾼으로 귀 정화하는 느낌 입니다..ㅠㅠ 그리고 가장 좋게봤던건 영상미였는데 카메라 구도나 영상색감이 너무 예뻤어요! 리틀포레스트의 초가을 버전 같은 느낌의 색감이라서 좋았고 풍경과 색감,구도가 한데 어우러져서 보는 내내 즐거웠습니다. 꼭 보시기를 추천드릴게요! "
10,별점 2개 반점 준 초딩은 누구냐?이 영화는 인종주의를 옹호하는 정통 서부극이 아니라 인디언을 비판어린 시각으로 보는 백인을 비판적인 시각으로 보는 수정주의 서부극이다. 알지도 모르면서 이 영화를 함부로 평가하지 마라 초딩들아 
10,"관람자를 압도하는 영상, 짧은 시간에도 선명한 로맨스와 유머, 부족함이 없는 완전한 인물들, 그리고 거대한 풍광을 담아내는 촬영은 기원에 가깝다. 반 세기를 넘는 현대성과 영상만큼 압도적인 존 웨인의 눈빛마저 모두 역사적이다. "
10,"이 영화는 인디언 과 백인의 대결이나 정복자 피정복자...뭐 그런 사상이나 이념 그런 거 떠나서 그냥 하나의 서부극 영화로 봐야 함. 미 남부 배경이 멋있고, 마지막 영화 끝나기 전에 존 웨인이 홀로 등을 돌린 채 홀로 터벅터벅 걸어 가는 뒷모습이 아주 애절했던 기억...미 서부극의 수작임. "
3,"그냥 ,, 정말 전형적인 일본느낌의 공포영화..귀신은 정말 웃겼다 .. 박나래씨가 맘먹고 분장하면 더 무서울듯하다.퀄리티도 높을듯 주인공 의문의1패의 정말 얼탱이 없는 최악의 결말.시라이는 꼭 피하시고 차라리 살아있다를 보겠소 "
1,진짜 개 노잼... Btv로 11000원주고 봤더만무서운장면은 10분도 안나오고무서운장면의 CG도 어이없어서 웃겼음 ㅋㅋ스포같아서 말은 안하겠지만 진짜 충격적으로 어이없는 부분 많으니 1000원 되면 보던가 보지말던가 하세요 
10,"울고 웃고 반복한 영화, 기대 만큼 정말 좋은 영화였다. 특정 장애를 가진 사람들만의 이야기가 아닌 우리의 인생이야기인것같다. 누구나 각자 어려움을 겪고 있고 그것을 위해 노력하여 극복해나아간다. 특히 아담의 인생에서는 아무에게나 주어지지 않는 사랑이 더욱 돋보인다. 가족, 친구, 간병인 진심가득한 사랑말이다. "
8,아무리 원작이 훌륭하고 리메이크작이 못마땅해도 평론가 평이 &#39;긁어 부스럼을 만든 감독&#39;이라니... 감독뿐만 아니라 이 영화를 의미 있게 본 관객들까지 무시하는 평이라 보입니다. 그 평론가에게 말해주고 싶습니다. &#39;당신은 긁어 부스럼을 만든 평론가입니다.&#39; 
10,"마치 스릴러를 보는듯한 미스테리한 진행으로, 인물간의 미묘한 감정선을 타고 새로운 사건이 일어나면서 퍼즐이 하나씩 맞춰진다. 연기는 물론이고, 아름답고 깔끔한 영상과 잘 어울리는 배경 음악도 좋았고, 마지막 줄리안 무어의 절규엔 나도 울컥했다. "
8,"영화는 예전 가스펠 음악을 교회에서 녹화한거라 생각보다 화질은 안좋으나 음악도 좋고 그 당시의 매력을 느낄수있는 시간이었습니다. 그런데 서울극장 11월 마지막 토요일 오후, 이 은혜롭고 잔잔한 음악에 집중해야하는 영화에 중간쯤 앉아서 늦게들어와서 남들 신경안쓰고 봉지 부시럭거리고 계속 수다떨었던 분들때문에 집중안되서 기분이안좋네요. 제발 본인들만 있는것도 아니고 개념 챙기고 배려심 챙기시고 부끄러운지아세요! 대체 이런영화보면서 그런 행동을 할 수 있는지 전혀 이해가 안 됩니다. "
10,평점이너무 낮자나요즘cg 와이어액션이랑 비교도안되고 이소룡의 그타겨감은 누구도 따라올수없을만큼 전율이온다 이소룡보다 빠르고 화려한액션을 할수는 있겠지만 이처럼 선이아름답고 w박력있는 액션은 앞으로도나오지 않을것 ㅜㅜ 
10,&#39;한 알의 밀알이 땅에 떨어져...&#39;성서구절이 보는 내내 떠올랐습니다...두려움없는 사랑을 실천하다 가신 신부님 존경합니다.뵌 적 없지만 그립구요.지금 톤즈는 어떻게 지내는지도 나왔더라면 더 좋았겠다 하는 아쉬움이 있습니다. 
9,"깊은 물 속에서 오직 소리에 의지해 발빠른 대처를 해야하는 긴장감을 최대한 유지하면서, 복잡한 ‘원칙’이 서로 부딪힐 때 발생하는 딜레마를 완벽하게 살렸다. 헐리우드식 연출이라면 영웅서사 특유의 감동에 방점을 찍을 부분에서, 프랑스 영화 답게 냉혹한 현실의 멜랑꼴리함이 더욱 강조된다. "
10,"은은하고 그윽한 영화였습니다. 희애×소혜의 모녀케미도(정말 모녀지간 같음 심지어 닮았음...), 유빈×소혜의 꽁냥케미도 다 보기 좋았고, 영화 내내 내리는 눈에 따스함마저 느껴지는 색감이 무척 인상적이었습니다. 영화 끝나고 나오니 마침 만월이더군요, 여운이 오래 남을 것 같습니다. 좋은 영화에 감사드립니다. "
10,이미 완전히 끝나버린 사랑도 있고 이제 시작하는 풋풋한 사랑도 있고  서로를 그리워하는 사랑도 있습니다 .여러가지 사랑이 서로 교차하면서도 그 느낌을 분명하게 보여줍니다퀴어영화로 보셔도 만족하실테고 서로를 그리워하는 친구의 영화로 보셔도 만족하실겁니다 . 영화에 대해 공감할 준비가 되어있고 누군가를 그리워 한 적이 있다면 추천합니다. 
10,아내와 딸과 함께가서 봤습니다. 매번 시끄러운 영화만 보다가 생각할거리를 안겨주면서도 연말의 우울을 위로받을수 있는 영화임에 여운이 오래였습니다. 아내가 갱년기라 겨울이면 우울증이 심하게 오는데 마치 영화속 윤희와 새봄처럼 딸이 준 선물같은 영화에 오늘 하루정도는 우울을 벗어낸 것같습니다. 사랑하는 이들과 함께가서 보면 정말 좋을 영화입니다. 이런 좋은 영화를 준 감독 배우들께 감사드립니다. 
1,"뭐가 이리 어설프고, 전달하려는 내용이 뭔지? 오늘만 사는 파도 위 서퍼들처럼 그냥 서핑이 좋아서 시나리도도 없이 만든 영화같음. 웬만한 독립영화보다 내용이 없음. 완성도를 위해 껴 넣은 출연 배우들 때문에 더 민망함 "
1,중간중간 인터뷰식의 대화장면이 영화라고 보기 힘들정도로 대본없이 그냥 막찍은듯합니다 아마 자연스러움을 위해 그랬겠죠? 술집씬 등에선 배우들의 목소리가 전달되지않을정도로 오디오 퀄리티가 낮았습니다 서핑을 좋아하는 서퍼들도 갸우뚱거리게 만드는 영화였어요 국내서핑 영화라면 차라리 유튭에 무료공개된 윈터서프2 를 보시는게 훨씬 더 낫습니다 
10,자신의 위치나 처지에 따라 이영화가 주는 의미는 다양하게 다가올 것 같다. 열심히 살아 보려는 창은에게 가족들은 걸림돌 이었을까. ? ... 돌이켜보면 가족이란 울타리에서 당연한 대가를 바라며 살고 있진 않은지 혹은 그랬는지 돌아보게 되는 영화. 감명깊게 봤습니다 . 
8,"지금 사회를 살아가는 청춘들이 한번쯤 느껴봤을 법한 감정들을 많이 느낄 수 있었어요.덕분에 영화 보며 뭉클했던 순간들이 많았네요.영화에 나온 배우들, 특히 주인공 역할 맡은 배우가 참 인상깊어서다른 작품도 기대되게 만들어주더라고요!남들에게 말하지 못했던 나의 어린 시절을 되돌아보고 싶으신 분들에게 강추하는 영화입니다. "
7,"마지막에 주인공이 죽음을 선택했다면, 보다 원만하게 상황이 정리되었을 것이다. 그냥 살아남기로 결정했기에, 남은 날들은 이제 전보다 더 죽음과 같을  것이다. 이 영화의 내용, 특히 그 흐름과 결말에 동의하지 않으면서도 내가 10점을 남기는 이유는 인간으로서, 나 역시 그 상황이라면 결국엔 살아남는 것을 택하지 않을까 하는 마음 때문이다. "
10,"프랑스 여자보다 더 파리지앵 같은 사고 방식을 갖은 한국에 사는 인물들..파리에서 10년을 넘게 살았고 위대한 연극 배우가 되겠다고 유학을 떠났던 프랑스 여자는  삶 자체에 자유와 예술을 향한 어떤 흔적도 없고 남편에게 너 때문에 인생 망했어, 너때문에 모든걸 포기했는데 사랑이 어떻게 변하니~이렇게 예술과 자유, 파리지앵을 꿈꾸며 떠났다고는 생각할수 없는 태도로 일관된 프랑스 여자.... 한국에 대한  회상이나 무의식적 세계에서도 못이룬 후배와의 사랑이나 과거에 대한 죄의식으로 가득찬...답답한 모습~ 이것이 감독의 연출이었다면  어쩔수 없지만 과연 프랑스 여자를 통해서 무엇을 말하고 싶었던 것인지 참... 여기서 프랑스 여자는 담배 피는 여자를 말하는 것일까 하는 헛웃음도 나온다, 프랑스라는 자유와 파리라고하는 예술의 세계를 동경해서 10년을 살았는데  오히려  한국에 사는 사람들보다 더 타인에게 의존하고 과거에 함볼된 인물이라고... 공감이 안되고 동의하기 어려운 썰이라고 생각한다. "
6,"솔직히 너무 별로였음.. 예술영화나 감각적 영화 즐겨보는 편인데.. 가장 별로였던 점은 스토리랑 감정에 개연성이 너무 없음. 캐릭터들이 갑자기 화내고, 갑자기 분노하고.. 젤 중요한 감정들이 다 뜬금포임. 이건 기본아닌가..? 싶은 지점들이 너무 어설픔.. 글고 2020년 현재.. 술자리에서 남사친이 여사친한테 장난으로 뽀뽀하는 장면이 영화인/연극인들이라는 이유로 웃어넘겨지는 장면이 나오는게 너무 황당하고 어이없고 불쾌했음. 더군다나 이렇게 미묘한 감각을 다루는 영화에서. 난 30대 여성이지만 정말 흠.. 할말하않 "
1,서울대입구 롯시] 6월6일 생애 최초로 극장 옮겨 영화 2편 봤는데 그 중 첫 번째 영화였다. 영화제가 좋아할 만한 느낌의 영화다. 특별한 주제의식도 없이 어떻게 느낄지는 관객마음 이라는 컨셉의 영화같다. 전체적으로 공허하고 우울한 느낌이 들었다. 극중 인간관계서도 인스턴트 느낌이 많이 났다. 푸석거리는 느낌이랄까? 배우들은 열심히 &#39;연기&#39;하려는거 같았고 OST는 없었다. 꽤 지루했다. 
10,이번에도 대사빨 좋고 솔직하고 시원시원 쿨하고 적당히 예쁘게 감추지 않고 형식적으로는 일기장처럼 층이 복합적이고 그렇다고 지리멸렬하지는 않고 연기들도 좋고 무척 재밌었습니다만 소재가 데뷔작이랑 겹치네요. 좀더 평가받아야할 연출자인듯. 
10,"실제 출장시 이 영화와 매우 유사한 일을 겪은 사람으로써 한마디..정우성의 한국식 영어, 고원원의 중국식 영어는 정말 현실적인 영어다.두 사람 영어가지고 까지 마라. 정말 딱 저 정도 수준과 저 정도 감정이면 충분하다. 추억 돋게 만드는 영화! "
10,반려견이 주는 무한하고 무조건적인 사랑을 너무나 환상적이고 아름답게 표현했다. 오랜 시간 반려견과 함께 살아서인지 마로나의 순수한 사랑에 북받쳐 올라 내내 눈물을 훔쳤다. 반려견이 내게 주는 사랑의 백만분의 일만큼도 사랑을 주고 있지 못하는 것 같아 미안하면서도 언제나 반겨주고 사랑해주는 반려견에게 너무나 고마워 집에 오자마자 꼬옥 안아주었다. 개의 시선에서 바라보는 듯한 세상을 독창적이고 기발하게 그려낸 영상미도 압도적이었다. 또 오열하더라도 또 보고 싶어지는 영화. 
10,"전혀 정보 없이 보긴 했지만 기대 이상으로 매우 만족스러웠다 보는 재미가 상당하고, 연출력도 좋은 작품 같다 동시 다발적으로 움직이는 영상들 보느라 잠시도 눈을 뗄 수 없었고 창의력 넘치는표현이 와닿는 작품이었다 대사도 가슴을 후벼파기도 하고 반려견과 인간 사이 뿐 아니라 인간관계의 이별에도 이입이 되는 것 같아 재밌게 봤다 주변에 마구 추천하고 싶고 그 영상속에 함께하고 싶었다 "
6,배우들의 연기만 좋았음 하지만 단점이 확실히 보인다. 영화 초반부 사건이 터지고 주인공의 변호사 실력을 보여주는 장면 그리고 잊고 살았던 아버지의 상을 뉴스로 접하면서 고향에 내려가는 초반부 까지만 영화는 잘 굴러갔다.  그 뒤로는 엄청난 부자연스러움과 신파들 이미 신파극은 신과함께에서 전부 써먹었다. 너무 나도 부자연 스러운 주인공 하루걸러 비가 오지만 우산쓰는 장면은 없다. 변호사라는 직업을  가졌음에도 폭행을 당해도 전혀 뒷말 없는 너무나도 인자한 변호사. 경찰이된 동창 그 동창은 온 마을사림들이 싫어하는 가족을 자신만은 그렇지 않다고 사건을 처음부터 계속 도와준다.(극중에서는 정말 오랜만에 만나는 상황임) 영화의 문제는 짧은 초반을 빼고서 뒤에 이야기는 전부 주인공과 어머니 그 가족들에 대한 이야기로 쭉 흘러간다. 이부분이 가장 중요하지만 한국 특유의 신파를 너무 길게 끌었다. 후반부에 폭발하듯이 터지는게 아니라 중반부터 계속해서 딸과 어머니의 신파극이 주를 이룬다. 또한 과도한 bgm 이러한 문제는 한국영화 인랑에서 많이 느꼈다. 바뀌는 상황마다 모든 장면에 bgm이 깔린다. 과한 bgm은 감상에 방해가 된다고 생각한다. 
1,신혜선 배우 큰 스크린으로 봐도 아우라 장난아니다. 연기력 원래 쩌는건 알았는데 이번에 새삼 다시 보게됨! 동생 역 배우도 처음 보는데 연기 너무 잘한다. 연기구멍 1도 없어서 그런지 몰입도도 좋고. 오랜만에 극장에서 한국 영화 볼 맛 남!! 
10,초반부는 조금 지루할 수 있는데 뒤로 갈수록 재밌어집니다.가벼운 뮤지컬 한편 본 기분입니다.음악은 오케스트라가 뮤지컬을 할 때 즉석에서 연주를 해서그런지 정말 좋았습니다. 그렇지만 원작을 스크린에 담아내는건 조금 한계가 있었던 것 같습니다. 
10,ㅋㅋㅋ 황진미 저런 사람은 진짜 웃기는 사람이네 ㅋㅋ 누가 누구보러 반성하라는겨.. 저기 나오는 저 선교사들의 발톱에 때만도 못한 존재가..아무리 막장 개독들이 많다지만 그게 전부인줄 아는 무식은 삼가시길. 무조건 종교를 까면 지적으로 우월한줄 아네 
10,여기 기자 평론가집단은 수준이하...영화가 실화를 바탕으로 종교과 정치의 대립을 보여주고 있음에도 내용은 무시한째 개인의 개똥철학이나 늘어 놓다니.. 모든 재앙은 종교로부터가 아니라 당신들로 부터 온다.. 당신들 이웃에게나 평화를 좀 주는 것이 . 
10,댓글에 연기칭찬은 홍광호뿐인데 역시 홍광호는 정말 멋있었는데 무엇보다 이뮤지컬 여주인공이 진짜 인상깊어요.목소리가 정말좋고 연기도 좋은데 이 뮤지컬이 데뷔무대라는게 전혀 안믿길정도로요.보시면 후회 절대 없으실거예요 진짜로! 
10,"소설 속 인물 미저리는 그녀가 꿈꾸는 자기 자신, 그녀가 키우는 돼지 미저리는 그녀가 생각하는 실제의 자기 자신. 이 메울 수 없는 간극이 그녀의 망상 장애의 근원일 듯. 최후의 일격으로 그녀의 머리를 깨버린 것은 결국 돼지 동상! 넘 잼나~ "
10,간혹 한국영화 전체를 까내리고 싶을때가 많은데 그렇게 못하는것이 바로 이 영화 때문이다. 10대들은 이 영화보고 별 느낌이 없는게 당연하다  평점참여에 10대가 14%인데  이 14%만 없었다면 이 영화 평점은 9점후반대가 될것이다 
10,"시간이란 철길을 돌려서 풀어내는 한 인간의 인생, 그 야트막한 언덕 위에 무던히도 날 선 역사들이 잡초처럼 우거져 있다. 차라리 이름없어서 순수함 가득할 들꽃 하나, 아름드리 박하향 가득 흩날릴 바람 한 점조차 그곳에선 정녕 허락될 수 없는가? "
10,지금기준을 들이미는사람은 뭔가요; 이순신 장군이 현대전 오면 발린다는 얘기랑 다를게 뭐임;; 1979년도에 저런 상상력과 연출이라니.. 시대를 앞서간 SF의 영원한 걸작. 재미도 감동도 없이 CG 떡칠이나 하는 쓰레기같은 요즘 SF들은 반성좀 하길.. 
10,무삭제 원판 구해서 꼭 보세요.  케이블에서 무삭제 원판 해줬으면 좋겠네요. 그 어떤 칭찬을 해도 모자를 SF 스릴러물 중 전무후무한 역작... 제가 죽기 전까지 에일리언2를 능가한 아니 근접한 영화가 나올까 30여년 지나도 안 나왔는데 말이죠. 
10,"내 인생 통틀어 5손가락 안에 드는 명작. 에이리언은 4편까지 나왔는데 그 중 단연 1위인 것이 에이리언2!!! 스토리, 연출, 효과,  무기/장비 등 대박!!! 최신 SF영화까지 포함해도 감히 금세기 최고의 SF영화라 단언한다. "
9,여배우의 현실적인 이야기를 소재로 해서 무거우면 어떡하나 걱정했는데 유쾌하고 공감되게 풀어나가셔서 70분이라는 시간이 훅 지나갔습니다 그러면서도 전달하고 싶은 메세지가 명확하게 드러나는 영화입니다 문소리 감독님 화이팅!! 
10,"차려진 밥상을 먹기만 하다가 이제 아무도 밥을 차려주지 않아 본인이 밥상을 차려먹는다는 생각으로 만든 영화.가볍고 유쾌해보이지만 그 안을 들여다보면 그렇지않은, 여배우의 삶의 한면을 보여주는 깊이 있는 좋은 영화! 문소리 감독님이자배우님 화이팅!! "
10,"비밀은없다, 미씽, 여배우는 달린다~몇년사이 재미있게 본 한국용화의 공통점 &#39;여성감독&#39;이라는 점입니다. 문소리감독님~좋은 영화 감사하구요. 오랜만에 영화를 보면서 소리내서 웃었어요. 영화가 술을 불러서 술은 못 줄이겠네요.^^ "
10,"문소리 감독을 응원하며 네이버에 처음 댓글도 남겨 봅니다오랜만에, 나의 현실과도 이어지는 이야기를 무겁지 않게, 진솔하게 전하는 영화를 보며 유쾌하고도 짠했어요다음에 좀 더 본격적인 장편으로도 뵐 수 있으면 좋겠습니다! 힘내세요! :) "
10,배우의 삶의 이면을 다루고 있지만 &#39;남자배우&#39;들은 이 영화에 깊게 이입하지 못할것 같고 오히려 사회 곳곳의 &#39;일하는 여성&#39;들이 공감할 이야기인 것 같음. 하지만 다 떠나서 오락적으로도 훌륭했다. 유머러스하고 재밌었음! 
10,요즘  빠른 영화에만 익숙한 세대들은 이 영화가 지루하고 재미 없고 댓글알바라는둥 이런소리 하는데..  영화를 한달에 극장가서 4편이상 10년동안 꾸준히 보고 있는 나같은 사람에게는 최고의 영화였습니다다.. 의견이 다를순 있으나댓글 알바소리는 그만좀 
